PerformanceID,EmployeeNumber,EnvironmentSatisfaction,JobInvolvement,JobSatisfaction,RelationshipSatisfaction,PerformanceRating,TrainingTimesLastYear,WorkLifeBalance
1,1,2,3,4,1,3,0,1
2,2,3,2,2,4,4,3,3
3,4,4,2,3,2,3,3,3
4,5,4,3,3,3,3,3,3
5,7,1,3,2,4,3,3,3
6,8,4,3,4,3,3,2,2
7,10,3,4,1,1,4,3,2
8,11,4,3,3,2,4,2,3
9,12,4,2,3,2,4,2,3
10,13,3,3,3,2,3,3,2
11,14,1,4,2,3,3,5,3
12,15,4,2,3,4,3,3,3
13,16,1,3,3,4,3,1,2
14,18,2,3,4,3,3,2,3
15,19,3,2,3,2,3,4,3
16,20,2,4,1,3,3,1,3
17,21,1,4,2,4,3,5,2
18,22,4,4,4,2,3,2,2
19,23,1,2,4,3,3,3,3
20,24,4,3,4,3,3,3,3
21,26,1,4,3,4,3,5,2
22,27,3,2,1,2,4,4,3
23,28,1,3,2,3,3,4,3
24,30,3,3,4,4,3,6,3
25,31,2,3,1,3,3,2,3
26,32,3,3,3,4,3,3,2
27,33,2,1,1,2,4,5,3
28,35,3,3,2,4,3,2,3
29,36,1,2,4,4,3,4,3
30,38,2,3,1,4,3,2,2
31,39,3,3,4,4,3,3,3
32,40,4,3,4,4,3,5,4
33,41,4,2,3,1,3,5,3
34,42,4,3,4,3,3,6,4
35,45,2,3,4,1,3,2,2
36,46,4,4,3,4,3,3,2
37,47,1,2,3,3,3,2,3
38,49,4,3,4,1,3,3,3
39,51,2,2,1,4,3,3,4
40,52,3,4,1,1,3,3,3
41,53,3,3,4,3,3,3,3
42,54,4,3,1,4,3,6,3
43,55,1,1,3,3,3,2,2
44,56,4,3,3,4,3,0,3
45,57,3,3,4,4,4,2,3
46,58,2,3,3,4,3,0,3
47,60,2,3,3,3,4,2,3
48,61,2,3,2,1,4,1,3
49,62,1,3,4,3,4,4,3
50,63,4,4,4,4,3,2,3
51,64,1,2,3,4,3,2,3
52,65,3,3,3,3,3,3,2
53,68,2,3,1,3,4,2,2
54,70,3,2,1,3,3,3,3
55,72,3,2,4,3,3,2,2
56,73,1,3,4,3,3,1,3
57,74,2,3,1,4,4,3,2
58,75,3,3,1,3,3,3,3
59,76,4,3,4,4,4,3,2
60,77,1,2,3,3,3,2,4
61,78,1,3,4,2,4,3,3
62,79,4,3,4,4,3,2,3
63,80,2,2,3,4,3,2,2
64,81,1,3,1,4,3,3,2
65,83,3,3,3,2,3,2,3
66,84,4,3,3,3,3,2,3
67,85,2,2,2,3,3,3,3
68,86,2,3,1,3,3,2,3
69,88,2,3,1,4,3,2,2
70,90,4,2,3,1,3,0,2
71,91,1,2,3,4,3,2,2
72,94,3,3,2,4,4,3,3
73,95,3,3,2,2,3,4,3
74,96,2,3,2,2,3,3,3
75,97,2,4,4,2,3,3,3
76,98,3,3,4,4,4,2,3
77,100,3,2,1,2,3,2,3
78,101,4,3,1,2,3,3,4
79,102,1,3,3,1,3,3,4
80,103,2,3,2,4,4,2,3
81,104,4,2,4,3,3,1,2
82,105,2,2,3,1,3,3,3
83,106,1,3,4,4,3,4,3
84,107,2,1,4,4,3,3,3
85,110,1,3,2,3,3,2,3
86,112,4,1,4,1,3,3,2
87,113,3,3,1,3,3,3,3
88,116,4,3,4,2,4,4,3
89,117,3,2,4,1,3,3,3
90,118,3,2,4,4,3,3,3
91,119,3,2,2,4,4,3,2
92,120,3,3,4,4,4,2,1
93,121,3,2,2,2,3,4,2
94,124,3,2,1,3,3,5,2
95,125,2,3,3,1,3,0,3
96,126,1,3,3,1,3,5,1
97,128,1,3,3,1,4,2,2
98,129,2,3,3,2,3,3,4
99,131,4,3,3,3,3,1,2
100,132,2,3,2,3,3,3,4
101,133,3,3,1,4,4,3,3
102,134,4,3,1,4,3,2,3
103,137,4,2,4,2,3,5,3
104,138,1,3,3,3,3,3,3
105,139,3,2,4,4,3,2,4
106,140,3,2,4,4,4,3,3
107,141,1,3,2,1,3,1,2
108,142,3,2,3,4,3,1,3
109,143,4,2,4,3,3,2,3
110,144,2,3,4,3,3,5,3
111,145,1,2,1,3,4,1,2
112,147,1,1,3,4,4,3,3
113,148,4,4,4,3,3,3,3
114,150,2,3,3,3,3,2,3
115,151,3,2,2,3,3,3,3
116,152,3,3,4,1,3,3,3
117,153,3,2,1,4,3,6,3
118,154,2,3,4,3,3,6,3
119,155,1,3,4,1,4,2,3
120,158,3,3,4,4,3,3,4
121,159,1,1,3,3,4,2,2
122,160,3,3,2,1,3,2,4
123,161,2,3,2,1,3,2,3
124,162,1,3,3,3,3,5,3
125,163,2,1,3,2,3,3,2
126,164,3,2,2,3,3,3,2
127,165,4,3,4,4,3,3,2
128,167,4,3,3,4,3,2,2
129,169,3,3,4,3,3,2,3
130,170,3,3,1,3,3,2,2
131,171,2,4,3,4,3,2,3
132,174,3,3,4,4,3,3,3
133,175,2,1,3,3,3,2,3
134,176,3,3,3,3,3,2,3
135,177,3,3,3,4,4,3,3
136,178,2,3,2,4,4,0,3
137,179,1,1,4,4,3,2,3
138,182,4,2,3,3,3,1,4
139,183,1,2,3,4,3,3,3
140,184,3,3,4,4,3,2,1
141,190,1,3,1,1,4,2,4
142,192,3,3,4,2,3,2,2
143,193,4,3,3,2,4,2,3
144,194,1,3,3,3,3,4,2
145,195,4,1,4,4,3,2,4
146,197,4,3,1,4,3,3,3
147,198,2,2,4,4,3,3,3
148,199,4,2,1,2,3,2,2
149,200,3,3,1,4,4,2,3
150,201,2,3,2,4,3,3,3
151,202,2,3,2,1,3,2,3
152,204,3,3,2,1,3,3,3
153,205,2,3,3,4,4,3,1
154,206,2,3,2,3,3,2,1
155,207,2,3,4,4,3,2,3
156,208,4,3,3,1,3,1,3
157,211,2,2,3,3,3,2,3
158,214,2,2,2,2,4,3,2
159,215,3,2,4,1,3,2,2
160,216,3,3,3,4,3,3,3
161,217,3,3,4,1,4,6,3
162,218,4,3,2,4,3,1,1
163,221,3,3,4,3,3,2,1
164,223,3,4,4,2,3,2,1
165,224,3,2,3,4,3,2,2
166,226,3,3,2,2,3,5,3
167,227,1,3,3,1,3,2,3
168,228,2,3,4,3,3,2,3
169,230,1,2,4,3,4,2,4
170,231,3,3,3,1,4,2,3
171,233,3,3,2,4,3,3,2
172,235,3,1,1,1,4,5,4
173,238,4,3,2,3,3,3,2
174,239,3,3,1,3,3,4,3
175,240,3,3,1,1,3,3,4
176,241,3,3,1,3,3,3,3
177,242,3,3,4,1,3,2,4
178,243,2,2,4,3,4,3,2
179,244,2,3,1,3,4,2,3
180,245,3,3,4,3,3,3,3
181,246,3,3,4,3,4,0,3
182,247,4,3,2,4,3,3,3
183,248,2,3,2,4,4,5,2
184,249,3,2,3,4,3,2,2
185,250,4,4,1,3,3,3,3
186,252,4,3,2,4,3,5,3
187,253,4,3,3,2,3,2,3
188,254,3,4,2,4,3,3,3
189,256,4,2,3,3,3,2,2
190,258,4,3,2,3,3,6,3
191,259,3,2,3,1,3,5,3
192,260,4,3,2,4,3,2,2
193,261,2,2,3,1,3,1,3
194,262,4,4,4,4,3,3,4
195,264,1,2,4,4,4,1,3
196,267,2,4,1,1,3,3,2
197,269,2,3,2,4,3,5,3
198,270,3,3,3,2,3,5,3
199,271,4,3,3,2,3,3,3
200,273,4,3,4,1,3,3,1
201,274,3,2,1,3,3,1,3
202,275,4,3,4,1,3,0,3
203,277,4,3,3,4,3,4,4
204,281,3,3,4,3,3,2,4
205,282,2,3,1,2,3,2,3
206,283,2,3,4,4,4,3,2
207,284,4,4,2,1,3,2,2
208,286,2,3,4,1,3,2,3
209,287,4,2,4,4,3,5,1
210,288,4,3,1,3,3,3,3
211,291,4,1,4,3,3,2,2
212,292,3,2,3,3,4,2,3
213,293,4,3,3,4,3,2,3
214,296,2,2,2,4,3,5,1
215,297,4,3,1,3,3,5,3
216,298,4,3,4,3,3,3,3
217,299,3,2,1,3,3,5,2
218,300,3,3,3,4,3,1,2
219,302,4,2,4,4,3,2,3
220,303,4,3,1,4,3,4,3
221,304,4,3,2,4,3,3,4
222,305,3,2,2,4,4,3,3
223,306,2,3,4,3,3,1,3
224,307,1,3,3,3,3,6,2
225,308,3,1,3,4,3,2,3
226,309,3,2,4,1,3,6,3
227,311,1,3,4,3,3,2,3
228,312,2,3,4,4,3,5,3
229,314,3,3,3,1,3,3,4
230,315,3,2,4,3,3,3,2
231,316,3,2,4,2,3,3,2
232,319,3,3,4,4,3,3,3
233,321,2,3,3,4,3,2,2
234,323,4,3,4,3,3,3,2
235,325,3,3,4,3,3,2,1
236,327,4,3,4,3,4,3,3
237,328,1,3,1,1,4,3,4
238,329,1,2,3,4,3,2,4
239,330,3,3,2,1,3,5,3
240,331,4,2,3,4,3,2,1
241,332,3,3,3,3,3,1,3
242,333,3,3,4,1,3,2,3
243,334,3,3,1,1,3,2,2
244,335,1,3,4,1,3,3,3
245,336,3,4,4,3,3,2,3
246,337,2,3,3,1,3,3,3
247,338,3,2,4,3,3,2,2
248,339,4,2,1,2,3,3,3
249,340,3,2,1,1,3,2,2
250,341,1,4,3,4,3,1,3
251,342,1,3,3,2,3,5,3
252,343,3,3,3,4,4,1,3
253,346,3,3,4,1,3,1,3
254,347,4,4,1,3,3,1,3
255,349,4,3,4,4,3,2,3
256,350,1,3,3,4,3,3,3
257,351,4,2,1,3,3,4,3
258,352,1,3,3,4,3,5,3
259,353,3,3,4,2,3,0,2
260,355,3,2,2,2,3,2,4
261,359,2,4,2,3,4,3,1
262,361,4,2,4,4,3,0,3
263,362,4,2,1,4,3,5,3
264,363,3,1,2,2,3,2,2
265,364,1,3,3,3,3,5,1
266,366,1,2,2,2,3,2,3
267,367,2,2,4,2,4,2,3
268,369,2,4,1,4,3,2,3
269,372,3,3,4,2,3,2,3
270,373,4,3,4,3,3,4,3
271,374,4,3,1,3,3,2,3
272,376,1,3,2,4,3,2,2
273,377,4,3,4,4,4,3,2
274,378,3,3,4,2,3,5,4
275,379,4,2,3,1,3,4,4
276,380,1,3,4,1,3,2,3
277,381,2,4,2,2,3,6,2
278,382,1,4,1,3,4,3,3
279,384,3,3,2,1,4,6,1
280,385,1,3,2,1,3,4,2
281,386,3,3,3,4,3,5,2
282,387,2,3,3,3,4,3,3
283,388,2,3,4,1,3,3,2
284,389,2,3,4,4,3,4,3
285,390,1,3,1,3,3,3,3
286,391,4,3,4,2,3,3,3
287,392,4,3,3,4,4,0,1
288,393,4,3,4,2,3,2,3
289,394,1,3,2,4,3,2,3
290,395,4,3,4,4,4,3,3
291,396,3,3,1,4,3,4,3
292,397,3,3,2,4,3,2,3
293,399,4,3,2,3,3,5,2
294,401,4,2,4,2,3,0,3
295,403,2,3,4,3,3,3,2
296,404,3,3,2,4,3,2,4
297,405,3,3,3,3,3,2,3
298,406,3,3,2,3,3,3,2
299,407,3,4,4,4,3,2,3
300,408,4,1,2,4,3,3,3
301,410,4,3,2,2,3,2,3
302,411,4,2,3,1,3,2,3
303,412,2,4,1,3,3,2,3
304,416,2,4,4,2,3,3,2
305,417,3,4,4,1,3,5,2
306,419,2,3,2,3,3,3,3
307,420,4,2,3,3,3,3,2
308,421,1,2,2,3,3,2,3
309,422,4,1,3,4,3,2,3
310,423,3,3,4,3,3,4,3
311,424,1,2,1,4,3,1,3
312,425,1,3,1,1,3,2,3
313,426,3,3,4,2,3,2,1
314,428,4,3,2,2,3,2,3
315,429,3,3,1,4,3,3,3
316,430,3,3,4,1,3,5,3
317,431,3,2,3,4,3,2,3
318,433,3,2,2,1,3,3,2
319,434,3,3,2,2,3,2,2
320,436,3,2,2,4,3,2,3
321,437,4,3,3,1,3,3,3
322,438,4,3,4,4,3,3,3
323,439,1,4,4,3,3,0,2
324,440,1,1,4,4,3,4,2
325,441,4,3,4,4,3,2,3
326,442,3,2,3,1,4,2,3
327,444,3,2,4,1,3,2,3
328,445,4,3,3,1,3,3,2
329,446,2,2,4,3,3,6,2
330,447,4,3,3,2,3,2,3
331,448,3,2,3,2,3,3,4
332,449,3,3,2,4,3,0,3
333,450,4,3,3,4,3,4,2
334,451,3,3,1,1,3,1,2
335,452,4,3,4,1,3,3,3
336,453,2,1,4,3,4,2,2
337,454,2,1,1,4,3,4,2
338,455,2,2,4,3,3,2,3
339,456,4,2,3,3,3,2,3
340,458,2,3,2,1,3,3,3
341,460,4,3,4,3,3,2,2
342,461,3,2,4,2,3,3,3
343,462,3,3,4,3,3,2,2
344,463,4,2,2,1,3,2,3
345,464,3,3,2,4,3,5,3
346,465,3,3,4,3,3,2,2
347,466,4,2,2,4,3,3,3
348,467,2,3,3,1,3,3,3
349,468,1,3,4,2,3,2,3
350,469,4,3,3,1,3,3,2
351,470,3,3,3,3,3,5,3
352,471,3,3,2,3,3,4,3
353,473,1,3,3,2,4,3,1
354,474,3,4,1,1,3,2,3
355,475,4,3,3,2,3,2,4
356,476,3,3,3,2,3,3,3
357,477,1,2,4,2,4,6,3
358,478,1,2,2,3,3,3,3
359,479,4,3,4,2,3,6,3
360,481,1,2,4,1,3,2,3
361,482,4,3,3,3,3,2,3
362,483,4,4,3,3,3,3,3
363,484,1,3,4,3,4,3,2
364,485,4,3,3,2,3,2,3
365,486,3,3,1,2,4,3,3
366,487,3,3,3,3,3,2,4
367,488,1,3,2,3,3,5,3
368,491,4,2,4,4,3,2,3
369,492,3,2,3,1,3,6,3
370,493,3,2,2,4,3,5,3
371,494,3,4,2,4,3,0,3
372,495,4,3,4,4,3,4,3
373,496,3,2,2,3,3,5,3
374,497,4,3,2,2,3,2,3
375,498,2,3,4,4,3,1,3
376,499,2,2,3,3,4,2,3
377,500,3,3,4,3,3,2,2
378,501,4,3,3,2,3,3,3
379,502,1,4,4,2,3,3,2
380,505,3,3,4,3,3,2,3
381,507,4,3,3,4,3,2,4
382,508,3,3,2,1,3,3,3
383,510,3,3,1,3,4,2,3
384,511,1,3,2,4,3,1,3
385,513,2,2,3,2,3,2,3
386,514,3,3,4,3,4,4,3
387,515,4,3,1,3,3,2,2
388,516,4,3,2,3,3,5,3
389,517,2,3,1,2,3,5,3
390,518,3,3,2,4,3,2,2
391,520,1,2,2,3,3,3,3
392,521,2,2,3,2,4,3,3
393,522,1,3,1,3,3,4,2
394,523,3,3,3,1,3,3,3
395,524,2,3,1,2,3,5,1
396,525,4,3,4,1,4,1,3
397,526,3,3,3,4,3,3,3
398,527,2,2,4,2,3,3,3
399,529,2,3,3,1,3,2,3
400,530,4,2,1,3,3,3,3
401,531,2,3,3,3,3,3,3
402,532,3,4,1,4,3,0,2
403,533,2,3,3,2,3,6,3
404,534,2,4,1,3,3,2,3
405,536,3,3,1,4,3,2,3
406,538,1,3,1,3,3,5,3
407,543,4,2,3,3,3,4,3
408,544,1,3,4,4,4,3,2
409,546,4,3,4,4,3,2,1
410,547,1,3,3,2,3,3,3
411,548,3,1,4,3,4,2,3
412,549,1,3,1,4,3,5,1
413,550,3,3,3,3,3,5,2
414,551,4,2,4,4,3,4,4
415,554,1,3,2,2,3,4,3
416,555,4,1,3,4,3,3,2
417,556,4,3,4,3,4,3,3
418,558,3,3,3,4,3,2,3
419,560,1,3,4,2,4,3,1
420,562,3,3,4,3,3,3,1
421,564,2,2,3,3,3,2,3
422,565,3,2,2,2,3,2,4
423,566,1,2,4,3,3,3,4
424,567,3,3,1,3,3,3,3
425,568,1,2,4,3,3,3,2
426,569,2,2,3,2,3,2,3
427,571,3,3,4,3,3,2,2
428,573,3,2,1,4,3,5,4
429,574,1,3,4,3,3,2,3
430,575,1,3,3,3,3,2,1
431,577,4,1,3,3,3,2,3
432,578,3,3,3,3,3,3,3
433,579,4,2,3,3,3,3,3
434,580,3,2,4,3,3,3,3
435,581,3,3,2,4,4,6,4
436,582,2,3,3,4,3,2,4
437,584,1,1,4,1,3,2,3
438,585,4,3,2,1,3,3,3
439,586,4,3,3,3,3,2,3
440,587,1,3,3,1,3,2,3
441,590,2,3,1,3,3,2,3
442,591,2,3,3,4,3,4,3
443,592,2,3,4,4,3,3,2
444,593,3,2,3,3,3,3,3
445,595,2,3,4,1,3,2,3
446,597,1,3,2,4,4,2,3
447,599,4,3,4,4,3,3,3
448,600,2,3,3,3,3,2,3
449,601,2,3,3,3,3,3,3
450,602,3,3,3,1,3,3,3
451,604,2,3,4,3,3,2,4
452,605,4,3,1,4,4,5,2
453,606,4,3,2,2,3,3,4
454,608,2,3,3,2,3,2,2
455,611,4,3,4,2,3,2,4
456,612,1,4,3,3,3,2,3
457,613,3,2,4,3,4,3,2
458,614,2,3,2,4,3,3,3
459,615,3,1,1,3,3,2,3
460,616,1,2,3,1,3,3,3
461,618,1,3,3,1,3,5,3
462,620,1,3,3,4,3,3,3
463,621,4,4,4,4,3,3,3
464,622,3,1,4,2,3,3,1
465,623,2,3,4,4,3,3,4
466,624,1,3,3,4,3,3,2
467,625,2,3,1,2,3,2,3
468,626,1,3,2,4,3,6,3
469,630,4,3,1,2,3,3,3
470,631,4,4,3,4,3,2,3
471,632,4,3,4,3,3,3,3
472,634,3,3,3,3,3,4,3
473,635,2,3,2,2,3,2,2
474,638,4,2,3,3,3,5,3
475,639,2,4,4,2,3,3,3
476,641,1,3,2,4,4,5,4
477,643,4,2,2,4,4,2,3
478,644,1,3,2,3,3,2,3
479,645,2,3,3,3,3,1,3
480,647,1,3,3,4,3,4,3
481,648,2,2,1,3,3,2,4
482,649,2,2,4,4,3,3,3
483,650,2,3,1,3,3,2,1
484,652,1,2,4,4,3,3,3
485,653,1,4,4,4,4,4,4
486,655,1,2,3,3,3,5,2
487,656,4,3,3,3,3,3,2
488,657,4,2,2,4,3,0,4
489,659,3,3,4,2,3,4,3
490,661,2,2,4,3,3,3,2
491,662,3,3,1,4,3,3,2
492,663,4,3,3,2,3,3,3
493,664,4,2,1,1,3,3,1
494,665,1,2,3,2,3,1,4
495,666,3,3,3,4,3,3,3
496,667,3,3,1,2,3,3,3
497,669,3,3,3,3,3,2,3
498,671,4,3,4,1,3,2,4
499,675,1,3,3,4,4,3,3
500,677,3,3,3,4,3,3,3
501,679,1,3,4,4,3,2,2
502,680,3,3,3,3,4,2,3
503,682,4,3,1,4,4,2,4
504,683,2,3,4,4,3,4,2
505,684,1,3,1,4,3,4,3
506,686,3,3,4,3,3,2,3
507,689,3,3,3,3,3,2,3
508,690,2,3,3,1,3,5,2
509,691,2,1,4,2,3,3,3
510,692,3,3,4,3,4,2,1
511,698,3,3,2,3,3,1,4
512,699,2,2,2,3,3,2,3
513,700,1,2,4,4,3,0,3
514,701,4,3,3,4,3,5,3
515,702,1,3,1,1,3,3,3
516,704,3,2,3,3,3,3,3
517,705,1,4,1,1,3,3,4
518,707,4,4,2,3,4,4,3
519,709,4,2,4,1,4,2,3
520,710,2,1,4,4,3,5,3
521,712,2,4,2,4,3,3,3
522,714,4,4,4,2,4,3,3
523,715,4,4,4,1,3,2,3
524,716,4,4,3,3,3,3,3
525,717,4,2,2,2,3,3,4
526,720,1,3,3,1,3,3,3
527,721,4,2,3,1,3,4,3
528,722,4,3,4,4,3,2,2
529,723,2,3,3,1,3,4,3
530,724,2,4,4,3,3,4,2
531,725,3,3,1,4,3,3,3
532,727,3,3,4,4,3,6,3
533,728,4,3,1,4,3,2,3
534,729,4,2,1,3,4,2,3
535,730,3,4,3,3,3,3,3
536,731,2,2,4,2,3,2,2
537,732,1,3,1,4,3,1,3
538,733,4,3,1,3,4,4,2
539,734,4,2,3,2,3,3,3
540,738,4,3,2,4,3,2,3
541,741,1,1,2,4,3,4,3
542,742,1,4,1,1,3,2,3
543,743,3,3,3,4,3,4,4
544,744,1,1,3,3,3,5,3
545,746,4,3,3,4,3,2,2
546,747,3,3,4,4,4,2,2
547,749,3,3,3,3,3,6,3
548,752,3,4,3,4,3,2,3
549,754,4,2,4,3,3,5,3
550,757,2,3,3,4,3,2,3
551,758,2,3,1,4,3,2,4
552,760,3,4,2,3,3,3,1
553,762,3,3,4,3,3,1,2
554,763,4,2,4,4,4,2,2
555,764,4,2,1,1,3,2,1
556,766,4,3,2,4,3,2,3
557,769,4,3,4,4,3,4,3
558,771,4,3,1,1,3,2,4
559,772,1,3,4,4,3,2,3
560,773,4,3,3,2,3,0,1
561,775,2,3,1,3,3,3,3
562,776,3,2,1,1,3,3,4
563,780,4,3,4,3,3,2,2
564,781,3,3,4,2,4,5,2
565,783,2,1,3,1,3,3,3
566,784,1,4,3,4,3,3,3
567,785,2,4,3,4,3,2,3
568,786,4,3,4,3,4,5,3
569,787,4,3,1,4,3,2,3
570,789,1,2,1,2,3,1,3
571,791,4,3,4,1,3,3,3
572,792,1,1,4,1,3,2,3
573,793,2,3,3,1,3,3,2
574,796,4,2,1,3,3,2,2
575,797,2,4,4,3,3,2,3
576,799,4,3,1,2,3,4,3
577,800,3,3,4,2,3,3,3
578,802,4,3,1,2,3,3,2
579,803,1,4,1,4,3,2,3
580,804,3,2,1,3,3,3,3
581,805,1,3,4,2,3,1,2
582,806,4,1,3,3,4,2,3
583,807,3,4,2,4,4,2,3
584,808,3,3,1,2,3,1,3
585,809,2,3,4,2,3,4,2
586,811,3,4,1,3,4,2,3
587,812,3,2,2,3,3,4,3
588,813,4,3,3,2,4,3,3
589,815,3,3,3,4,3,3,3
590,816,2,2,1,4,3,1,3
591,817,3,3,3,4,3,3,4
592,819,1,3,1,3,3,3,3
593,820,3,3,4,3,3,3,2
594,823,3,3,2,1,3,2,3
595,824,3,4,3,3,4,3,3
596,825,4,3,2,4,3,2,3
597,826,4,4,3,3,3,0,3
598,827,4,2,4,4,3,4,3
599,828,3,3,3,4,3,3,2
600,829,3,3,2,2,3,2,3
601,830,3,2,3,3,3,3,3
602,832,1,2,3,4,3,6,3
603,833,3,2,4,2,4,4,2
604,834,2,2,3,4,3,3,3
605,836,2,3,2,4,3,3,2
606,837,1,2,1,3,3,3,2
607,838,3,2,4,3,3,3,3
608,840,3,3,4,1,3,3,4
609,842,3,3,4,3,3,3,2
610,843,2,3,1,3,4,3,3
611,844,3,2,4,2,3,3,3
612,845,3,3,3,2,4,3,4
613,846,2,3,2,1,4,2,3
614,847,3,3,4,3,3,1,1
615,848,3,2,3,1,3,2,3
616,850,4,3,4,3,3,6,2
617,851,1,3,3,3,3,2,2
618,852,4,3,2,4,3,2,2
619,854,1,4,1,3,3,3,2
620,855,1,4,1,1,4,5,3
621,856,3,2,1,4,3,3,2
622,857,2,3,4,4,3,1,2
623,859,2,3,4,3,3,3,2
624,861,2,2,4,2,3,3,2
625,862,1,2,4,4,3,3,3
626,864,4,3,1,3,3,2,3
627,865,3,4,3,3,3,3,2
628,867,3,2,4,3,4,3,3
629,868,4,2,3,4,3,2,3
630,869,2,2,4,4,3,6,3
631,872,4,2,4,1,4,2,1
632,874,1,4,4,3,4,2,2
633,875,2,3,4,4,3,2,3
634,878,1,2,1,3,4,3,3
635,879,3,3,1,4,3,3,3
636,880,4,2,3,2,4,2,3
637,881,4,3,2,1,3,3,2
638,882,4,3,4,2,3,2,3
639,885,3,2,1,1,3,1,4
640,887,3,3,1,2,3,2,3
641,888,1,2,4,4,3,2,2
642,889,2,3,2,4,3,3,3
643,893,2,2,2,4,3,3,3
644,894,3,4,4,2,3,1,2
645,895,4,3,4,2,3,2,3
646,896,2,2,3,3,3,3,3
647,897,1,3,4,3,3,3,3
648,899,4,2,2,1,3,2,3
649,900,3,3,4,2,3,3,3
650,901,4,3,4,3,3,0,3
651,902,4,3,4,2,3,2,2
652,903,3,3,4,1,4,2,3
653,904,1,3,2,4,3,2,3
654,905,1,3,1,4,3,3,3
655,909,4,2,4,3,3,2,3
656,910,4,3,2,3,3,4,4
657,911,1,3,4,3,4,2,1
658,912,1,2,4,3,3,5,3
659,913,2,3,1,4,3,0,3
660,916,1,3,4,2,3,3,3
661,918,4,2,4,4,3,3,2
662,920,1,3,2,3,4,2,4
663,922,3,2,3,4,3,3,2
664,923,4,3,4,1,3,3,2
665,924,3,3,4,1,3,2,2
666,925,4,2,4,1,3,3,2
667,926,2,3,3,1,3,3,4
668,927,2,1,4,3,3,1,2
669,930,3,3,3,2,3,2,3
670,932,4,3,1,4,4,2,1
671,933,2,3,3,3,3,2,3
672,934,2,3,2,2,3,3,3
673,936,3,2,3,1,3,6,3
674,939,3,2,1,2,3,1,3
675,940,3,2,2,4,3,3,3
676,941,2,2,3,2,3,2,4
677,942,4,3,4,4,4,2,1
678,944,1,3,2,3,3,3,2
679,945,4,3,3,1,3,2,2
680,947,4,3,3,4,3,2,2
681,949,2,3,4,3,3,6,3
682,950,4,3,1,2,3,3,3
683,951,3,2,2,3,4,3,3
684,952,3,2,2,3,3,2,3
685,954,1,2,2,2,3,2,2
686,956,3,2,1,2,3,2,3
687,957,4,3,1,3,3,3,3
688,958,3,3,3,3,4,6,3
689,959,4,2,2,2,3,3,4
690,960,1,3,1,2,3,2,3
691,961,4,3,4,3,3,2,1
692,964,4,3,2,4,3,2,3
693,966,3,3,1,3,3,2,4
694,967,3,2,4,1,3,6,3
695,969,2,2,4,1,3,3,3
696,970,1,2,3,3,3,2,1
697,972,3,3,2,2,3,5,2
698,974,3,3,4,2,3,5,3
699,975,3,3,3,2,3,3,3
700,976,4,3,4,2,3,2,2
701,977,4,3,3,1,4,4,3
702,981,3,3,3,3,3,3,4
703,982,3,3,3,1,3,2,4
704,983,3,3,4,2,3,1,3
705,984,4,3,4,2,3,2,3
706,985,1,4,3,4,3,3,3
707,986,2,4,2,4,3,2,2
708,987,3,4,3,3,3,3,4
709,990,1,3,4,4,3,3,3
710,991,3,2,1,1,4,0,3
711,992,4,3,3,4,3,2,3
712,994,4,2,1,3,4,5,3
713,995,2,3,4,1,3,4,3
714,996,4,3,4,4,3,2,3
715,997,4,3,4,3,4,1,2
716,998,3,4,2,1,3,2,3
717,999,1,3,3,2,3,2,4
718,1001,3,3,2,2,3,2,3
719,1002,4,3,1,3,3,2,3
720,1003,4,3,4,3,3,0,3
721,1004,1,3,3,2,3,2,3
722,1005,4,3,3,4,3,2,3
723,1006,3,3,3,2,3,0,2
724,1007,4,3,3,2,3,3,3
725,1009,4,2,3,2,3,6,3
726,1010,3,2,2,4,4,2,1
727,1011,3,3,1,3,3,1,3
728,1012,2,3,4,4,3,2,3
729,1013,3,3,3,3,3,2,3
730,1014,3,3,3,3,3,3,2
731,1015,2,4,1,3,3,4,2
732,1016,4,2,1,1,3,2,3
733,1017,2,3,2,1,3,3,3
734,1018,4,4,4,2,3,2,3
735,1019,2,1,1,1,3,3,2
736,1022,1,2,3,4,3,0,3
737,1024,3,2,3,2,3,3,3
738,1025,4,3,3,2,3,6,3
739,1026,4,2,4,3,3,3,3
740,1027,1,3,4,2,3,2,3
741,1028,2,3,4,1,4,4,2
742,1029,4,3,3,2,3,3,4
743,1030,1,3,4,2,3,5,3
744,1032,3,2,4,1,3,4,3
745,1033,1,1,2,1,3,2,1
746,1034,3,3,2,4,3,3,3
747,1035,2,1,3,2,4,3,3
748,1036,2,3,4,3,3,1,3
749,1037,2,1,1,4,3,6,3
750,1038,1,1,4,4,3,3,3
751,1039,4,4,4,3,3,2,3
752,1040,4,3,3,1,3,3,3
753,1042,3,4,1,3,3,1,3
754,1043,4,3,1,3,3,2,3
755,1044,2,2,4,4,3,2,2
756,1045,4,3,4,2,3,4,4
757,1046,4,3,3,2,3,2,3
758,1047,2,4,4,4,3,2,2
759,1048,2,3,4,3,3,1,1
760,1049,2,3,2,1,3,3,3
761,1050,3,2,2,1,3,2,3
762,1052,1,3,3,2,3,3,2
763,1053,1,3,1,2,3,2,3
764,1055,3,3,3,4,3,2,3
765,1056,4,3,2,2,4,5,3
766,1060,3,3,3,1,3,2,3
767,1061,2,3,3,4,3,2,2
768,1062,4,3,2,1,3,3,2
769,1066,3,3,1,2,3,3,2
770,1068,1,2,3,3,3,5,3
771,1069,4,3,4,4,3,0,3
772,1070,3,2,3,2,3,4,3
773,1071,1,3,3,2,3,4,3
774,1073,4,2,4,2,3,2,2
775,1074,3,2,1,2,3,3,4
776,1076,3,2,4,3,3,5,3
777,1077,4,3,4,2,3,3,3
778,1079,3,2,1,1,3,6,2
779,1080,4,2,1,1,4,2,3
780,1081,1,3,3,3,3,2,4
781,1082,2,2,1,1,3,2,2
782,1083,1,2,1,1,3,2,3
783,1084,3,3,1,3,3,1,2
784,1085,2,4,3,3,3,3,3
785,1088,3,2,3,1,3,4,2
786,1092,1,3,4,4,4,6,3
787,1094,1,1,3,4,3,4,3
788,1096,4,3,2,2,3,4,3
789,1097,3,3,3,4,3,4,4
790,1098,2,2,1,4,3,1,3
791,1099,4,2,4,3,3,2,3
792,1100,4,3,1,1,4,2,3
793,1101,1,2,3,2,4,4,3
794,1102,1,3,3,4,3,5,2
795,1103,1,3,4,3,3,1,2
796,1105,4,2,4,3,3,5,3
797,1106,4,3,4,2,3,3,4
798,1107,1,3,3,3,4,0,2
799,1108,1,2,2,2,4,0,3
800,1109,4,3,1,4,3,3,3
801,1111,1,2,2,1,3,2,3
802,1113,4,3,3,4,3,4,3
803,1114,4,3,2,3,3,3,3
804,1115,3,2,4,4,3,2,3
805,1116,1,4,4,3,4,3,2
806,1117,2,2,3,4,3,2,3
807,1118,2,3,2,4,3,4,3
808,1119,3,2,3,2,3,2,3
809,1120,3,3,4,1,4,1,3
810,1121,4,3,2,2,3,3,2
811,1124,1,3,3,4,3,3,3
812,1125,4,3,2,3,3,2,3
813,1126,3,3,1,3,3,1,3
814,1127,1,3,4,4,3,4,3
815,1128,3,2,3,1,3,2,4
816,1131,4,2,2,3,3,6,4
817,1132,3,3,2,3,3,2,2
818,1133,1,3,4,1,4,0,3
819,1135,3,4,4,1,3,4,3
820,1136,1,2,2,1,3,2,1
821,1137,4,3,4,4,3,3,3
822,1138,4,2,2,2,3,3,3
823,1140,4,3,3,4,3,3,2
824,1143,4,3,2,4,3,2,2
825,1148,2,1,4,1,3,3,3
826,1150,2,2,4,3,3,2,2
827,1152,3,4,3,4,3,2,4
828,1154,3,2,3,4,3,2,3
829,1156,3,3,3,4,3,0,3
830,1157,1,3,1,1,3,3,3
831,1158,2,3,4,1,3,4,3
832,1160,3,3,3,3,3,5,2
833,1161,3,2,4,3,3,2,3
834,1162,4,2,3,3,3,0,3
835,1163,2,3,3,1,4,3,2
836,1164,3,3,3,2,3,2,1
837,1165,4,2,1,1,3,3,1
838,1166,2,3,3,3,3,3,2
839,1167,3,3,1,2,3,2,2
840,1171,2,3,1,4,3,3,4
841,1172,4,2,3,2,3,2,3
842,1173,4,3,2,4,4,2,3
843,1175,3,3,4,4,3,4,2
844,1177,1,4,4,2,4,2,3
845,1179,3,2,3,1,3,3,3
846,1180,3,2,4,4,3,3,1
847,1182,3,2,2,2,3,2,4
848,1184,4,2,1,3,4,3,3
849,1185,4,2,4,2,3,2,4
850,1188,1,1,3,2,3,2,2
851,1190,3,3,1,3,3,3,3
852,1191,4,3,1,4,3,2,3
853,1192,2,3,4,1,3,5,3
854,1193,3,3,1,3,4,4,3
855,1195,1,3,3,3,3,2,2
856,1196,4,2,4,2,3,2,2
857,1198,1,2,3,1,3,2,2
858,1200,3,3,3,3,3,4,3
859,1201,4,3,3,2,3,6,3
860,1202,2,1,4,1,3,2,2
861,1203,3,2,4,2,3,5,3
862,1204,3,3,1,1,4,2,3
863,1206,4,1,3,4,3,3,3
864,1207,2,3,3,4,3,2,3
865,1210,1,2,1,1,3,2,1
866,1211,3,3,1,3,3,3,3
867,1212,2,3,2,4,3,2,3
868,1215,4,3,1,3,4,3,3
869,1216,4,2,1,3,3,2,3
870,1217,4,3,2,1,3,2,3
871,1218,3,3,1,4,3,2,3
872,1219,4,3,2,1,3,3,1
873,1220,2,3,3,1,3,3,2
874,1221,3,1,3,3,3,4,3
875,1224,3,3,3,1,3,4,2
876,1225,4,3,4,2,4,3,3
877,1226,3,4,4,4,3,2,3
878,1228,4,3,4,3,3,3,2
879,1231,4,4,1,1,3,3,4
880,1233,2,4,4,2,3,3,3
881,1234,3,2,2,3,4,2,3
882,1235,4,3,3,4,3,2,3
883,1237,3,1,1,3,4,2,3
884,1238,1,3,4,2,3,5,3
885,1239,2,2,2,2,3,2,4
886,1240,3,3,4,2,3,4,3
887,1241,4,3,2,1,4,2,3
888,1242,1,3,1,3,3,6,3
889,1243,3,2,4,2,3,6,2
890,1244,1,3,1,4,3,3,2
891,1245,4,3,3,1,3,2,1
892,1246,1,4,4,4,3,5,3
893,1248,1,2,2,2,4,2,4
894,1249,1,3,4,1,3,5,3
895,1250,4,3,4,1,3,2,3
896,1251,3,3,1,4,3,2,2
897,1252,3,2,1,2,3,2,3
898,1254,3,2,4,4,3,2,3
899,1255,3,1,4,2,3,2,3
900,1256,1,2,3,3,3,2,4
901,1257,3,3,2,3,3,2,2
902,1258,4,4,2,3,3,4,2
903,1259,1,3,3,2,3,2,3
904,1260,3,3,4,2,3,2,3
905,1263,4,2,4,3,3,3,4
906,1264,4,2,4,2,3,2,2
907,1265,3,4,3,4,3,5,2
908,1267,2,3,2,3,3,5,3
909,1268,4,4,3,4,3,3,3
910,1269,2,4,4,4,3,2,3
911,1270,4,3,3,4,4,2,3
912,1273,3,1,4,4,3,4,3
913,1275,3,3,4,2,4,2,2
914,1277,1,1,2,1,3,2,3
915,1278,4,2,2,4,3,3,3
916,1279,1,2,3,3,4,2,1
917,1280,4,2,2,3,3,2,3
918,1281,3,3,1,4,3,3,3
919,1282,4,3,2,1,4,5,2
920,1283,4,3,4,4,3,6,2
921,1285,3,3,2,3,3,2,4
922,1286,4,3,3,3,3,2,2
923,1288,3,4,1,4,3,4,2
924,1289,3,2,2,4,3,5,4
925,1291,3,3,3,4,3,3,3
926,1292,2,4,2,4,3,2,3
927,1293,4,2,4,4,3,3,4
928,1294,3,3,2,4,3,2,3
929,1295,1,3,4,4,3,2,3
930,1296,4,2,4,2,3,2,3
931,1297,2,2,3,2,3,6,2
932,1298,3,3,3,3,3,3,3
933,1299,2,3,3,1,3,2,3
934,1301,4,3,1,2,3,2,2
935,1303,4,3,2,4,3,3,2
936,1304,3,4,4,3,3,4,4
937,1306,2,3,2,3,4,4,3
938,1307,3,2,2,4,3,4,3
939,1308,1,3,3,4,3,3,3
940,1309,4,3,3,1,3,3,3
941,1310,3,3,1,1,3,2,3
942,1311,1,2,4,1,3,6,3
943,1312,4,3,3,1,3,0,3
944,1314,4,3,1,3,3,3,4
945,1315,3,1,4,1,3,6,3
946,1317,4,3,1,2,3,2,3
947,1318,4,2,2,3,3,2,3
948,1319,2,3,2,3,3,2,2
949,1321,2,3,1,4,4,2,3
950,1322,1,3,3,1,3,6,3
951,1324,4,3,3,1,3,5,2
952,1329,3,1,2,1,3,4,3
953,1331,4,3,2,1,3,2,4
954,1333,1,3,1,3,3,4,4
955,1334,3,3,3,4,3,3,2
956,1336,4,1,3,4,3,5,3
957,1338,4,3,2,1,3,4,3
958,1340,3,3,3,2,3,0,3
959,1344,4,3,4,4,3,0,2
960,1346,3,3,4,3,3,4,3
961,1349,3,3,1,4,3,2,3
962,1350,3,3,3,2,3,3,3
963,1352,3,3,2,2,3,2,3
964,1355,2,3,1,4,3,3,3
965,1356,3,3,1,4,3,6,4
966,1358,4,3,4,3,3,6,2
967,1360,3,2,1,4,3,0,2
968,1361,2,3,2,3,4,3,3
969,1362,1,4,1,4,3,2,2
970,1363,4,3,4,3,3,2,3
971,1364,3,4,4,2,3,4,3
972,1367,4,2,2,2,3,1,2
973,1368,4,3,4,3,3,5,4
974,1369,4,2,4,2,3,0,3
975,1371,4,1,4,2,4,3,3
976,1372,1,4,3,3,3,2,2
977,1373,4,3,2,1,3,0,3
978,1374,1,2,3,3,4,2,3
979,1375,2,4,3,2,4,0,3
980,1377,2,3,3,1,3,1,3
981,1379,3,2,4,3,3,3,4
982,1380,4,3,3,3,3,0,2
983,1382,4,4,3,4,3,2,3
984,1383,3,3,4,4,3,2,4
985,1387,3,2,1,3,3,0,3
986,1389,4,3,3,4,3,3,2
987,1390,1,2,4,4,3,2,4
988,1391,2,3,2,2,3,5,3
989,1392,4,3,4,1,3,4,2
990,1394,3,3,3,4,3,2,3
991,1395,2,3,4,1,3,2,4
992,1396,3,3,2,1,3,3,2
993,1397,3,3,3,2,4,2,3
994,1399,1,4,3,2,3,3,2
995,1401,4,4,3,2,3,3,2
996,1402,1,2,3,1,3,3,1
997,1403,4,2,4,4,3,3,3
998,1405,4,3,3,4,3,2,3
999,1407,1,2,4,4,3,2,3
1000,1408,3,3,1,3,3,5,3
